2500081197489966;doge_rur;sell;21,59807469;0,38623240;1535835346969;1535835388878;1;21,59807469;

2500081197497736;doge_rur;sell;21,41477267;0,39664199;1535835810887;1535835840033;1;21,41477267;
1500081197499006;doge_rur;buy;21,41477267;0,39459233;1535835880330;0;0;0,00000000

2500081197506753;doge_rur;sell;21,60580944;0,38581239;1535836354681;1535836409378;1;21,60580944;
2500081197508471;doge_rur;sell;21,60580944;0,39044214;1535836454647;1535836501354;1;21,60580944;
2500081197511296;doge_rur;sell;21,60580944;0,39499999;1535836625011;0;0;0,00000000;
1500081197513090;doge_rur;buy;43,21161888;0,38657631;1535836750630;1535836846293;1;43,21161888;

2500081197514818;doge_rur;sell;21,49574929;0,39363289;1535836851449;1535836931449;1;21,49574929;
1500081197516129;doge_rur;buy;21,49574929;0,39205993;1535836936883;1535836996497;1;21,49574929;
2500081197516844;doge_rur;sell;21,49574929;0,39756922;1535836981689;0;0;0,00000000;

2500081197517295;doge_rur;sell;21,54345098;0,39011317;1535837001682;1535837066505;1;21,54345098;
1500081197518489;doge_rur;buy;21,54345098;0,38855428;1535837071780;1535837131517;1;21,54345098;
2500081197519303;doge_rur;sell;21,54345098;0,39401430;1535837117858;0;0;0,00000000;

2500081197519645;doge_rur;sell;21,53658024;0,39389999;1535837136746;1535837201575;1;21,53658024;
2500081197522587;doge_rur;sell;21,53658024;0,39834163;1535837301920;1535837466721;1;21,53658024;
2500081197526640;doge_rur;sell;21,53658024;0,40232505;1535837562035;1535837616774;1;21,53658024;
2500081197529280;doge_rur;sell;21,53658024;0,40999998;1535837736999;1535837781891;2;10,93382185;
2500081197530180;doge_rur;sell;10,60275839;0,40634830;1535837788331;1535837833172;1;10,60275839;
2500081197531819;doge_rur;sell;21,53658024;0,41228423;1535837892345;0;0;0,00000000;
1500081197533509;doge_rur;buy;86,14632096;0,39909105;1535837992473;1535839692107;1;86,14632096;

2500081197560994;doge_rur;sell;21,44942575;0,39894107;1535839755829;1535839804234;1;21,44942575;
2500081197567837;doge_rur;sell;21,44942575;0,40318410;1535840184607;1535840482695;1;21,44942575;
2500081197575676;doge_rur;sell;21,44942575;0,40900000;1535840618362;1535840657704;1;21,44942575;
2500081197579830;doge_rur;sell;21,44942575;0,41316451;1535840843137;1535841583451;1;21,44942575;
2500081197593076;doge_rur;sell;21,44942575;0,41729616;1535841622329;1535841648577;1;21,44942575;
2500081197595761;doge_rur;sell;21,44942575;0,42388549;1535841776551;1535841836396;1;21,44942575;
2500081197599973;doge_rur;sell;21,44942575;0,42837236;1535842006786;1535842244901;1;21,44942575;
1500081197604375;doge_rur;buy;150,14598025;0,41175427;1535842260185;0;0;0,00000000

2500081197611402;doge_rur;sell;20,18491246;0,42966860;1535842646621;1535842671443;1;20,18491246;
2500081197614228;doge_rur;sell;20,18491246;0,43396529;1535842781710;0;0;0,00000000;
1500081197622146;doge_rur;buy;20,18491246;0,42781299;1535843222826;1535843297674;1;20,18491246;

2500081197626560;doge_rur;sell;20,25015076;0,42674823;1535843462929;1535843513458;1;20,25015076;
2500081197628250;doge_rur;sell;20,25015076;0,43101571;1535843557929;0;0;0,00000000;
1500081197635300;doge_rur;buy;20,25015076;0,42343392;1535843928395;1535843998850;1;20,25015076;

2500081197636631;doge_rur;sell;20,26715465;0,42674823;1535844004040;1535844080301;1;20,26715465;
1500081197638188;doge_rur;buy;20,26715465;0,42504294;1535844085507;1535844145324;1;20,26715465;
2500081197639080;doge_rur;sell;20,26715465;0,43101571;1535844130531;0;0;0,00000000;

2500081197644898;doge_rur;sell;20,84024356;0,41236060;1535844455674;1535844475438;1;20,84024356;
1500081197645392;doge_rur;buy;20,84024356;0,41071281;1535844480681;1535844535450;1;20,84024356;
2500081197646173;doge_rur;sell;20,84024356;0,41648421;1535844520655;0;0;0,00000000;

2500081197646534;doge_rur;sell;20,84543481;0,41236060;1535844540678;1535844580451;1;20,84543481;
1500081197647325;doge_rur;buy;20,84543481;0,41071281;1535844585710;1535844655478;1;20,84543481;
2500081197648108;doge_rur;sell;20,84543481;0,41648421;1535844625660;0;0;0,00000000;

2500081197649446;doge_rur;sell;20,78242212;0,41318533;1535844702806;1535844717603;1;20,78242212;
1500081197650909;doge_rur;buy;20,78242212;0,40958103;1535844777809;1535844842644;1;20,78242212;
2500081197651368;doge_rur;sell;20,78242212;0,41765063;1535844802823;0;0;0,00000000;

2500081197655221;doge_rur;sell;20,71543057;0,41504467;1535845027961;1535845057440;1;20,71543057;
1500081197655784;doge_rur;buy;20,71543057;0,41338615;1535845062672;1535845092804;1;20,71543057;

2500081197657523;doge_rur;sell;20,71543858;0,41584881;1535845157678;1535845197473;1;20,71543858;
1500081197658291;doge_rur;buy;20,71543858;0,41418708;1535845202690;1535845232501;1;20,71543858;

2500081197658913;doge_rur;sell;20,71544685;0,41584881;1535845237690;1535845262492;1;20,71544685;
2500081197660091;doge_rur;sell;20,71544685;0,42000730;1535845307677;1535845415233;1;20,71544685;
1500081197662070;doge_rur;buy;41,43089370;0,41607041;1535845430443;1535845540320;1;41,43089370;
2500081197662952;doge_rur;sell;20,71544685;0,42420737;1535845477223;0;0;0,00000000;

2500081197664281;doge_rur;sell;20,67159130;0,41773636;1535845550158;1535845590344;1;20,67159130;
2500081197667264;doge_rur;sell;20,67159130;0,42193663;1535845715716;1535846690245;1;20,67159130;
2500081197688982;doge_rur;sell;20,67159130;0,42999899;1535846894614;1535846974329;1;20,67159130;
2500081197745791;doge_rur;sell;20,67159130;0,43433909;1535850097875;1535850354571;1;20,67159130;
2500081197780976;doge_rur;sell;20,67159130;0,43868248;1535852101638;0;0;0,00000000;
1500081197806939;doge_rur;buy;82,68636520;0,42427644;1535853683085;1535853762913;1;82,68636520;

2500081197809358;doge_rur;sell;20,37066503;0,42554618;1535853808135;1535853852922;1;20,37066503;
2500081197812018;doge_rur;sell;20,37066503;0,43024350;1535853974428;1535854148390;1;20,37066503;
2500081197816066;doge_rur;sell;20,37066503;0,43454594;1535854193624;1535854248448;1;20,37066503;
2500081197819524;doge_rur;sell;20,37066503;0,43895959;1535854393703;1535855176008;1;20,37066503;
2500081197832683;doge_rur;sell;20,37066503;0,44334919;1535855231299;0;0;0,00000000;
1500081197938161;doge_rur;buy;81,48266012;0,43010744;1535861800928;1535862181628;1;81,48266012;

2500081197943201;doge_rur;sell;20,26456493;0,43204288;1535862221389;1535862236165;1;20,26456493;
2500081197948331;doge_rur;sell;20,26456493;0,43645899;1535862643272;1535863206532;2;0,20442422;
1500081197965605;doge_rur;buy;20,46898915;0,43025386;1535864062561;1535864366627;1;20,46898915;
2500081197969537;doge_rur;sell;20,06014071;0,43636331;1535864351839;0;0;0,00000000;

2500081197969770;doge_rur;sell;20,27031923;0,43414491;1535864371858;1535864417625;1;20,27031923;
1500081197970405;doge_rur;buy;20,27031923;0,43241007;1535864422007;1535864487489;1;20,27031923;
2500081197971042;doge_rur;sell;20,27031923;0,43848636;1535864472694;0;0;0,00000000;

2500081197971360;doge_rur;sell;20,26626538;0,43414490;1535864492655;1535864547447;1;20,26626538;
2500081197972896;doge_rur;sell;20,26626538;0,43848635;1535864602864;0;0;0,00000000;
1500081197975656;doge_rur;buy;20,26626538;0,43144800;1535864811168;1535864913898;1;20,26626538;

2500081197977106;doge_rur;sell;20,25161825;0,43414490;1535864919117;1535864958990;1;20,25161825;
1500081197977706;doge_rur;buy;20,25161825;0,43241006;1535864964671;1535865046031;1;20,25161825;
2500081197978480;doge_rur;sell;20,25161825;0,43848635;1535865027878;0;0;0,00000000;

2500081197982855;doge_rur;sell;20,51248649;0,41811747;1535865366451;1535865396246;1;20,51248649;
1500081197983731;doge_rur;buy;20,51248649;0,41584061;1535865436817;1535865501278;1;20,51248649;
2500081197983953;doge_rur;sell;20,51248649;0,42229864;1535865451775;0;0;0,00000000;

2500081197984703;doge_rur;sell;20,51951333;0,41699999;1535865506844;1535865546500;1;20,51951333;
1500081197985875;doge_rur;buy;20,51951333;0,41530001;1535865586692;1535865791715;1;20,51951333;
2500081197988064;doge_rur;sell;20,51951333;0,42116999;1535865776879;0;0;0,00000000;

2500081197988351;doge_rur;sell;20,49780470;0,41541353;1535865796901;1535865826666;1;20,49780470;
2500081197989972;doge_rur;sell;20,49780470;0,41980065;1535865911971;1535866153016;1;20,49780470;
1500081197993099;doge_rur;buy;40,99560940;0,41593833;1535866168425;1535866208111;1;40,99560940;
2500081197993336;doge_rur;sell;20,49780470;0,42399866;1535866193273;0;0;0,00000000;

2500081197995078;doge_rur;sell;20,48285158;0,41899354;1535866339890;1535866384688;1;20,48285158;
1500081197995689;doge_rur;buy;20,48285158;0,41731924;1535866389875;1535866419698;1;20,48285158;

2500081197996174;doge_rur;sell;20,47875482;0,41899354;1535866424920;1535866449722;1;20,47875482;
1500081197996578;doge_rur;buy;20,47875482;0,41731924;1535866455016;1535866484704;1;20,47875482;

2500081197997060;doge_rur;sell;20,47876401;0,41988762;1535866489999;1535866526281;1;20,47876401;
1500081197997559;doge_rur;buy;20,47876401;0,41820975;1535866533668;1535866561313;1;20,47876401;

2500081197998059;doge_rur;sell;20,53662795;0,41999900;1535866566577;1535866591283;1;20,53662795;
1500081197998507;doge_rur;buy;20,53662795;0,41832068;1535866596522;1535866651325;1;20,53662795;
2500081197999132;doge_rur;sell;20,53662795;0,42419899;1535866636575;0;0;0,00000000;

2500081197999433;doge_rur;sell;20,46455070;0,41999900;1535866656548;1535866681355;1;20,46455070;
1500081198000317;doge_rur;buy;20,46455070;0,41600958;1535866721574;1535866791395;1;20,46455070;
2500081198000487;doge_rur;sell;20,46455070;0,42419899;1535866736611;0;0;0,00000000;

2500081198002731;doge_rur;sell;20,47995827;0,41999897;1535866906739;1535866921519;1;20,47995827;
2500081198003620;doge_rur;sell;20,47995827;0,42419896;1535866976903;0;0;0,00000000;
1500081198005001;doge_rur;buy;20,47995827;0,41621657;1535867076773;1535867151629;1;20,47995827;

2500081198006010;doge_rur;sell;20,47586171;0,41999899;1535867157247;1535867186638;2;19,04766485;
1500081198006516;doge_rur;buy;19,04766485;0,41832067;1535867196823;1535867258084;2;4,19000000;
2500081198007229;doge_rur;sell;1,43875135;0,41999896;1535867248496;1535867291439;1;1,43875135;
2500081198008656;doge_rur;sell;20,48641620;0,42419898;1535867343343;0;0;0,00000000;
1500081198011365;doge_rur;buy;16,29641620;0,41617667;1535867563393;1535867663981;1;16,29641620;

2500081198013296;doge_rur;sell;20,50209383;0,41899999;1535867715245;1535867760089;1;20,50209383;
2500081198014497;doge_rur;sell;20,50209383;0,42318999;1535867815258;0;0;0,00000000;
1500081198016344;doge_rur;buy;20,50209383;0,41712294;1535867956601;1535868030205;1;20,50209383;

2500081198019106;doge_rur;sell;20,57345780;0,41451939;1535868175502;1535868238921;1;20,57345780;
1500081198020498;doge_rur;buy;20,57345780;0,41276826;1535868279655;1535868308997;1;20,57345780;
2500081198020714;doge_rur;sell;20,57345780;0,41866458;1535868294222;0;0;0,00000000;

2500081198021016;doge_rur;sell;20,57633390;0,41348620;1535868314204;1535868354180;1;20,57633390;
1500081198021697;doge_rur;buy;20,57633390;0,41183391;1535868359207;1535868420435;1;20,57633390;
2500081198022309;doge_rur;sell;20,57633390;0,41762106;1535868404236;0;0;0,00000000;

2500081198025772;doge_rur;sell;20,68887599;0,40861642;1535868647051;1535868721888;1;20,68887599;
2500081198027719;doge_rur;sell;20,68887599;0,41270258;1535868767136;0;0;0,00000000;
1500081198028485;doge_rur;buy;20,68887599;0,40516037;1535868822155;1535868916967;1;20,68887599;

2500081198029979;doge_rur;sell;20,69641790;0,40619596;1535868922465;1535868972073;1;20,69641790;
2500081198031959;doge_rur;sell;20,69641790;0,41025792;1535869050197;1535869093407;1;20,69641790;
2500081198033566;doge_rur;sell;20,69641790;0,41436050;1535869153666;0;0;0,00000000;
1500081198034430;doge_rur;buy;41,39283580;0,40607697;1535869213688;1535869253442;1;41,39283580;

2500081198039759;doge_rur;sell;20,77416557;0,38822149;1535869533873;1535869577187;1;20,77416557;
2500081198041178;doge_rur;sell;20,77416557;0,39210370;1535869627424;1535869662257;1;20,77416557;
2500081198044022;doge_rur;sell;20,77416557;0,39602474;1535869822709;0;0;0,00000000

2500081198046733;doge_rur;sell;20,80665211;0,38827280;1535870011914;1535870026735;1;20,80665211;
1500081198047101;doge_rur;buy;20,80665211;0,38672126;1535870032000;1535870065799;1;20,80665211;

2500081198047778;doge_rur;sell;20,80666077;0,38901558;1535870072548;1535870095809;1;20,80666077;
1500081198048220;doge_rur;buy;20,80666077;0,38746107;1535870101022;0;0;0,00000000

2500081198050041;doge_rur;sell;20,66302543;0,39670589;1535870246197;1535870270972;1;20,66302543;
2500081198052272;doge_rur;sell;20,66302543;0,40103614;1535870411223;0;0;0,00000000;
1500081198054257;doge_rur;buy;20,66302543;0,39494094;1535870561378;1535870641328;1;20,66302543;

2500081198059035;doge_rur;sell;20,69475899;0,39096560;1535870867814;1535870881532;1;20,69475899;
1500081198059909;doge_rur;buy;20,69475899;0,38899884;1535870921677;1535871133059;1;20,69475899;
2500081198060149;doge_rur;sell;20,69475899;0,39487526;1535870936666;0;0;0,00000000;

2500081198066652;doge_rur;sell;20,79087946;0,38155910;1535871357840;1535871427656;1;20,79087946;
1500081198068398;doge_rur;buy;20,79087946;0,38000002;1535871467877;0;0;0,00000000

2500081198074257;doge_rur;sell;20,84006005;0,37389190;1535871839619;1535871874385;1;20,84006005;
2500081198075985;doge_rur;sell;20,84006005;0,37763082;1535871959991;1535872114249;1;20,84006005;
2500081198093161;doge_rur;sell;20,84006005;0,38175222;1535873141916;1535873266671;1;20,84006005;
2500081198102323;doge_rur;sell;20,84006005;0,38557200;1535873746747;1535873811619;1;20,84006005;
1500081198103579;doge_rur;buy;83,36024020;0,37819441;1535873826791;0;0;0,00000000

2500081198105809;doge_rur;sell;20,30196848;0,38991224;1535873966966;1535874006716;1;20,30196848;
2500081198108338;doge_rur;sell;20,30196848;0,39381136;1535874132427;0;0;0,00000000;
1500081198109073;doge_rur;buy;20,30196848;0,38825287;1535874177384;1535874232134;1;20,30196848;

2500081198111137;doge_rur;sell;20,24903772;0,38999999;1535874308948;1535874378723;2;0,62190300;
2500081198112768;doge_rur;sell;19,65750822;0,38879790;1535874425113;1535874493765;1;19,65750822;
2500081198115541;doge_rur;sell;20,27941122;0,39279314;1535874629408;0;0;0,00000000;
1500081198115611;doge_rur;buy;20,27941122;0,38728098;1535874634192;1535874688991;1;20,27941122;

2500081198121776;doge_rur;sell;20,44107958;0,38114287;1535875041926;1535875086933;2;0,51512382;
2500081198122433;doge_rur;sell;19,92595588;0,38114286;1535875091743;1535875142360;2;0,41037883;
1500081198122516;doge_rur;buy;0,51512382;0,37961982;1535875097470;1535875152391;1;0,51512382;
2500081198124066;doge_rur;sell;19,51549530;0,38031792;1535875209643;1535875249408;1;19,51549530;
2500081198125381;doge_rur;sell;20,44099795;0,38415882;1535875305399;0;0;0,00000000;
1500081198125570;doge_rur;buy;19,92587413;0,37864692;1535875319861;1535875384633;1;19,92587413;

2500081198127064;doge_rur;sell;20,45855191;0,37799999;1535875425071;1535875459837;2;0,31389503;
2500081198127654;doge_rur;sell;20,14465688;0,37710422;1535875465264;1535875514984;1;20,14465688;
1500081198127736;doge_rur;buy;0,31389503;0,37648949;1535875470066;1535875519984;1;0,31389503;
1500081198129559;doge_rur;buy;20,14465688;0,37548608;1535875600819;1535875695326;1;20,14465688;
2500081198130219;doge_rur;sell;20,45855191;0,38088914;1535875645532;1535875675001;1;20,44367415;








2500081198143638;doge_rur;sell;20,31661863;0,37476480;1535876638867;1535876682378;1;20,31661863;
1500081198144304;doge_rur;buy;20,31661863;0,37326724;1535876687581;0;0;0,00000000

2500081198146726;doge_rur;sell;20,36369177;0,37472928;1535876857714;1535876872539;1;20,36369177;
1500081198147027;doge_rur;buy;20,36369177;0,37323186;1535876877770;0;0;0,00000000

2500081198148500;doge_rur;sell;20,35583765;0,37499999;1535876988979;1535877027582;1;20,35583765;
1500081198149106;doge_rur;buy;20,35583765;0,37350149;1535877032821;1535877092570;1;20,35583765;
2500081198149788;doge_rur;sell;20,35583765;0,37874999;1535877077815;0;0;0,00000000;

2500081198153625;doge_rur;sell;20,42831805;0,36452925;1535877336230;1535877366037;1;20,42831805;
2500081198154888;doge_rur;sell;20,42831805;0,36817454;1535877431652;0;0;0,00000000;
1500081198154996;doge_rur;buy;20,42831805;0,36307259;1535877436271;1535877506084;1;20,42831805;

2500081198157695;doge_rur;sell;20,46824098;0,35794187;1535877606434;1535877651205;1;20,46824098;
2500081198159296;doge_rur;sell;20,46824098;0,36152129;1535877716469;0;0;0,00000000;
1500081198159379;doge_rur;buy;20,46824098;0,35651153;1535877721511;1535877791328;1;20,46824098;

2500081198160566;doge_rur;sell;20,46739435;0,35999979;1535877796506;1535877896321;1;20,46739435;
2500081198163226;doge_rur;sell;20,46739435;0,36359979;1535877975147;1535878019971;1;20,46739435;
2500081198164705;doge_rur;sell;20,46739435;0,36723579;1535878091050;1535878150838;1;20,46739435;
2500081198167232;doge_rur;sell;20,46739435;0,37090815;1535878286144;0;0;0,00000000;
1500081198167408;doge_rur;buy;61,40218305;0,36106165;1535878301119;1535878420932;1;61,40218305;

2500081198170128;doge_rur;sell;20,48667672;0,35716328;1535878526369;1535878570957;1;20,48667672;
1500081198170976;doge_rur;buy;20,48667672;0,35573606;1535878576252;1535878651009;1;20,48667672;
2500081198171894;doge_rur;sell;20,48667672;0,36073491;1535878636340;0;0;0,00000000;

2500081198172184;doge_rur;sell;20,48789516;0,35479563;1535878656257;1535878701077;1;20,48789516;
1500081198172766;doge_rur;buy;20,48789516;0,35337787;1535878706529;1535878791125;1;20,48789516;
2500081198173299;doge_rur;sell;20,48789516;0,35834359;1535878747252;0;0;0,00000000;

2500081198177570;doge_rur;sell;20,55566280;0,34942805;1535879054785;1535879098783;1;20,55566280;
1500081198178263;doge_rur;buy;20,55566280;0,34803174;1535879103532;1535879166850;1;20,55566280;
2500081198178885;doge_rur;sell;20,55566280;0,35292233;1535879148549;0;0;0,00000000;

2500081198180184;doge_rur;sell;20,58070223;0,34499999;1535879248854;1535879309145;1;20,58070223;
1500081198181098;doge_rur;buy;20,58070223;0,34362137;1535879314384;1535879382824;1;20,58070223;
2500081198181783;doge_rur;sell;20,58070223;0,34844999;1535879368136;0;0;0,00000000;

2500081198185458;doge_rur;sell;20,65769572;0,34211999;1535879623043;1535879712867;1;20,65769572;
1500081198186831;doge_rur;buy;20,65769572;0,34075288;1535879718065;1535879777983;1;20,65769572;
2500081198187458;doge_rur;sell;20,65769572;0,34554119;1535879764377;0;0;0,00000000;

2500081198187692;doge_rur;sell;20,64615844;0,34058307;1535879783441;1535879847984;1;20,64615844;
2500081198190141;doge_rur;sell;20,64615844;0,34398890;1535879968385;1535880043235;1;20,64615844;
2500081198191930;doge_rur;sell;20,64615844;0,34855587;1535880098493;1535880128480;1;20,64615844;
2500081198193160;doge_rur;sell;20,64615844;0,35204737;1535880183865;1535880228695;1;20,64615844;
2500081198197468;doge_rur;sell;20,64615844;0,35556784;1535880449030;0;0;0,00000000;
1500081198197656;doge_rur;buy;82,58463376;0,34400006;1535880463564;1535880552486;1;82,58463376;

2500081198202110;doge_rur;sell;20,60115046;0,34090774;1535880772937;1535880842736;1;20,60115046;
1500081198203168;doge_rur;buy;20,60115046;0,33954547;1535880847988;1535880902750;1;20,60115046;
2500081198203788;doge_rur;sell;20,60115046;0,34431682;1535880887965;0;0;0,00000000;

2500081198215879;doge_rur;sell;20,76575491;0,31744376;1535881556258;1535881586053;1;20,76575491;
1500081198216472;doge_rur;buy;20,76575491;0,31617525;1535881591338;1535881681295;1;20,76575491;
2500081198217686;doge_rur;sell;20,76575491;0,32061820;1535881666507;0;0;0,00000000;

2500081198217984;doge_rur;sell;20,80827905;0,31544381;1535881686539;1535881727846;1;20,80827905;
2500081198220149;doge_rur;sell;20,80827905;0,32726607;1535881826786;1535881896402;1;20,80827905;
2500081198222169;doge_rur;sell;20,80827905;0,33053873;1535881951656;1535882136443;1;20,80827905;
2500081198225236;doge_rur;sell;20,80827905;0,33384412;1535882181947;1535882247430;1;20,80827905;
1500081198226541;doge_rur;buy;83,23311620;0,32546740;1535882263310;0;0;0,00000000

2500081198231502;doge_rur;sell;19,97308935;0,35134838;1535882583044;1535882622802;1;19,97308935;
2500081198235439;doge_rur;sell;19,97308935;0,36328375;1535882793169;1535882852933;1;19,97308935;
1500081198236629;doge_rur;buy;39,94617870;0,35588823;1535882869339;1535882938005;1;39,94617870;
2500081198237572;doge_rur;sell;19,97308935;0,36691659;1535882924179;0;0;0,00000000;

2500081198237936;doge_rur;sell;19,41855332;0,36121140;1535882943220;1535882998003;1;20,04477526;
1500081198239382;doge_rur;buy;20,04477526;0,35976800;1535883028504;1535883088246;1;20,04477526;
2500081198240167;doge_rur;sell;20,04477526;0,36482351;1535883073516;0;0;0,00000000;

2500081198241824;doge_rur;sell;19,68767634;0,34211883;1535883163504;1535883199779;1;19,68767634;
1500081198242581;doge_rur;buy;19,68767634;0,34075172;1535883205226;1535883264796;1;19,68767634;
2500081198243371;doge_rur;sell;19,68767634;0,34554002;1535883251739;0;0;0,00000000;

2500081198245012;doge_rur;sell;19,76441003;0,34211883;1535883353622;1535883380022;1;19,76441003;
2500081198251033;doge_rur;sell;19,76441003;0,34901393;1535883759072;0;0;0,00000000

2500081198253126;doge_rur;sell;19,40558812;0,35324102;1535883891676;1535883931386;1;19,40558812;
2500081198257213;doge_rur;sell;19,40558812;0,35716458;1535884148722;0;0;0,00000000;
1500081198257438;doge_rur;buy;19,40558812;0,35161435;1535884163898;1535884258943;1;19,40558812;

2500081198260920;doge_rur;sell;19,39123527;0,35121949;1535884387172;1535884466947;1;19,39123527;
1500081198262210;doge_rur;buy;19,39123527;0,34981602;1535884472428;1535884557060;1;19,39123527;
2500081198263210;doge_rur;sell;19,39123527;0,35473168;1535884542260;0;0;0,00000000;

2500081198263469;doge_rur;sell;19,51804202;0,34762415;1535884562268;1535884602084;1;19,51804202;
1500081198264578;doge_rur;buy;19,51804202;0,34606686;1535884637651;1535884827900;1;19,51804202;
2500081198267359;doge_rur;sell;19,51804202;0,35152772;1535884813423;0;0;0,00000000;

2500081198271519;doge_rur;sell;19,58713378;0,34499999;1535885083209;1535885153303;1;19,58713378;
1500081198273426;doge_rur;buy;19,58713378;0,34285276;1535885213487;1535885328392;1;19,58713378;
2500081198275001;doge_rur;sell;19,58713378;0,34906252;1535885313605;0;0;0,00000000;

2500081198275342;doge_rur;sell;19,69381588;0,34153001;1535885333599;1535885378521;1;19,69381588;
2500081198277944;doge_rur;sell;19,69381588;0,34624415;1535885493760;1535885553538;1;19,69381588;
2500081198280016;doge_rur;sell;19,69381588;0,34970659;1535885623852;0;0;0,00000000;
1500081198282540;doge_rur;buy;39,38763176;0,34070002;1535885789037;1535885873859;1;39,38763176;

2500081198283833;doge_rur;sell;19,62958709;0,34618175;1535885879080;1535885938896;1;19,62958709;
1500081198284709;doge_rur;buy;19,62958709;0,34479841;1535885944156;1535886034076;1;19,62958709;
2500081198285216;doge_rur;sell;19,62958709;0,34964357;1535885984115;0;0;0,00000000;

2500081198286024;doge_rur;sell;19,75536204;0,34070005;1535886039241;1535886079031;1;19,75536204;
2500081198292905;doge_rur;sell;19,75536204;0,34553777;1535886519963;1535886594673;1;19,75536204;
1500081198294370;doge_rur;buy;39,51072408;0,34174781;1535886609886;1535886664799;1;39,51072408;
2500081198295042;doge_rur;sell;19,75536204;0,34899315;1535886649996;0;0;0,00000000;

2500081198300549;doge_rur;sell;19,68883573;0,34429891;1535887015275;1535887075198;1;19,68883573;
2500081198302020;doge_rur;sell;19,68883573;0,34774190;1535887120371;1535887165149;1;19,68883573;
2500081198303564;doge_rur;sell;19,68883573;0,35121932;1535887220570;0;0;0,00000000;
1500081198308818;doge_rur;buy;39,37767146;0,34454288;1535887550688;1535887645564;1;39,37767146;

2500081198316365;doge_rur;sell;19,85764974;0,32670533;1535888046864;1535888077205;1;19,85764974;










2500081198328866;doge_rur;sell;19,90090208;0,32261503;1535888767642;1535888842413;1;19,90090208;
2500081198331642;doge_rur;sell;19,90090208;0,32621551;1535888942623;1535889202494;1;19,90090208;
2500081198336433;doge_rur;sell;19,90090208;0,32999999;1535889257841;1535889345916;1;19,90090208;
1500081198337993;doge_rur;buy;59,70270624;0,32497304;1535889357783;1535889432576;1;59,70270624;
2500081198338904;doge_rur;sell;19,90090208;0,33329999;1535889417804;0;0;0,00000000;

2500081198342754;doge_rur;sell;19,79950433;0,32799998;1535889657874;1535889692634;1;19,79950433;
1500081198343472;doge_rur;buy;19,79950433;0,32668929;1535889697868;1535889772675;1;19,79950433;
2500081198344420;doge_rur;sell;19,79950433;0,33127998;1535889757848;0;0;0,00000000;

2500081198350447;doge_rur;sell;19,97415151;0,31013845;1535890132954;1535890152905;1;19,97415151;
2500081198351491;doge_rur;sell;19,97415151;0,31340398;1535890203052;1535890232822;1;19,97415151;
2500081198353301;doge_rur;sell;19,97415151;0,32190655;1535890313168;1535890407970;1;19,97415151;
1500081198356159;doge_rur;buy;59,92245453;0,31005272;1535890492788;1535890632591;1;59,92245453;
2500081198356675;doge_rur;sell;19,97415151;0,32512562;1535890527747;0;0;0,00000000;

2500081198370812;doge_rur;sell;20,03113114;0,31052719;1535891440130;1535891454978;1;20,03113114;
1500081198372731;doge_rur;buy;20,03113114;0,30924412;1535891569177;1535891650264;1;20,03113114;
2500081198373850;doge_rur;sell;20,03113114;0,31363246;1535891635461;0;0;0,00000000;

2500081198377297;doge_rur;sell;20,06907042;0,30816592;1535891816158;1535891845958;1;20,06907042;

2500081198380612;doge_rur;sell;20,15450657;0,30435057;1535892031366;1535892089637;1;20,15450657;
2500081198382509;doge_rur;sell;20,15450657;0,31109999;1535892150158;1535892294427;1;20,15450657;
2500081198385852;doge_rur;sell;20,15450657;0,31421099;1535892344675;0;0;0,00000000;
1500081198387823;doge_rur;buy;40,30901314;0,30366320;1535892464737;1535892539515;1;40,30901314;

2500081198390382;doge_rur;sell;20,01794980;0,30649914;1535892614794;1535892690422;1;20,01794980;
2500081198392515;doge_rur;sell;20,01794980;0,31099999;1535892735793;1535892780464;1;20,01794980;
1500081198392779;doge_rur;buy;20,01794980;0,30313441;1535892750655;1535892846217;1;20,01794980;
2500081198394322;doge_rur;sell;20,01794980;0,31410999;1535892840015;0;0;0,00000000;
1500081198394476;doge_rur;buy;20,01794980;0,31189841;1535892850012;1535892899804;1;20,01794980;

2500081198403955;doge_rur;sell;19,97625619;0,30934999;1535893481703;1535893521521;1;19,97625619;
1500081198404613;doge_rur;buy;19,97625619;0,30811383;1535893526725;1535893581611;1;19,97625619;
2500081198405328;doge_rur;sell;19,97625619;0,31244349;1535893566763;0;0;0,00000000;

2500081198406658;doge_rur;sell;19,93756718;0,31066502;1535893645796;1535893710645;1;19,93756718;
2500081198409594;doge_rur;sell;19,93756718;0,31380500;1535893834317;1535893914255;1;19,93756718;
2500081198411827;doge_rur;sell;19,93756718;0,31694305;1535893994688;1535894039471;1;19,93756718;
1500081198415321;doge_rur;buy;59,81270154;0,31255039;1535894199982;1535894715577;1;59,81270154;
2500081198423343;doge_rur;sell;19,93756718;0,32354403;1535894700827;0;0;0,00000000;

2500081198423681;doge_rur;sell;19,60436492;0,32044820;1535894721874;1535894777400;1;19,60436492;
1500081198424595;doge_rur;buy;19,60436492;0,31916769;1535894782916;1535894842408;1;19,60436492;
2500081198425303;doge_rur;sell;19,60436492;0,32365268;1535894829011;0;0;0,00000000;

2500081198425509;doge_rur;sell;19,58714570;0,32189022;1535894851484;1535894927635;2;1,56211061;
2500081198426908;doge_rur;sell;18,02503509;0,32078203;1535894932854;1535895016421;1;18,02503509;
1500081198427000;doge_rur;buy;1,56211061;0,32060395;1535894937842;1535895021430;1;1,56211061;
2500081198429853;doge_rur;sell;19,58714570;0,32429358;1535895121835;0;0;0,00000000;
1500081198436702;doge_rur;buy;18,02503509;0,31911392;1535895570625;1535895689721;1;18,02503509;

2500081198438728;doge_rur;sell;19,50801634;0,31602386;1535895694912;1535895774755;1;19,50801634;
1500081198440676;doge_rur;buy;19,50801634;0,31390017;1535895814972;1535895879827;1;19,50801634;
2500081198441483;doge_rur;sell;19,50801634;0,31918410;1535895865001;0;0;0,00000000;

2500081198441808;doge_rur;sell;19,63650919;0,31390015;1535895885066;1535895949857;1;19,63650919;
1500081198443433;doge_rur;buy;19,63650919;0,31259334;1535895990112;0;0;0,00000000

2500081198449337;doge_rur;sell;19,64624044;0,31299999;1535896328561;1535896343268;1;19,64624044;
1500081198449717;doge_rur;buy;19,64624044;0,31174924;1535896348891;0;0;0,00000000

2500081198452023;doge_rur;sell;19,63861370;0,31440850;1535896486676;1535896526466;1;19,63861370;
1500081198453375;doge_rur;buy;19,63861370;0,31300001;1535896566682;0;0;0,00000000

2500081198455838;doge_rur;sell;19,57935820;0,31673163;1535896711900;1535896741723;2;4,08060981;
2500081198456377;doge_rur;sell;15,48787540;0,31815690;1535896748173;1535896806513;1;15,48787540;
1500081198457595;doge_rur;buy;19,56848521;0,31562326;1535896821959;0;0;0,00000000

2500081198459503;doge_rur;sell;19,57236556;0,31656156;1535896936815;1535897006611;1;19,57236556;
1500081198460700;doge_rur;buy;19,57236556;0,31529658;1535897011848;1535897041606;1;19,57236556;

2500081198466937;doge_rur;sell;19,75063681;0,30768461;1535897380609;1535897419065;1;19,75063681;
1500081198467606;doge_rur;buy;19,75063681;0,30645510;1535897424290;1535897474111;2;15,58644426;
2500081198473178;doge_rur;sell;19,75063681;0,31091208;1535897774507;1535897869250;1;19,75063681;
2500081198475253;doge_rur;sell;19,75063681;0,31402120;1535897909510;0;0;0,00000000;
1500081198479282;doge_rur;buy;23,91482936;0,30911073;1535898168979;1535898259251;1;23,91482936;

2500081198481307;doge_rur;sell;19,60574753;0,31231119;1535898294117;1535898375074;1;19,60574753;
1500081198482619;doge_rur;buy;19,60574753;0,31106319;1535898375512;1535898435221;1;19,60574753;
2500081198483351;doge_rur;sell;19,60574753;0,31703118;1535898420431;0;0;0,00000000;

2500081198483657;doge_rur;sell;19,48410363;0,31703118;1535898440637;1535898524468;1;19,48410363;
1500081198485023;doge_rur;buy;19,48410363;0,31576432;1535898529672;1535898589853;1;19,48410363;
2500081198485729;doge_rur;sell;19,48410363;0,32020149;1535898574693;0;0;0,00000000;

2500081198489754;doge_rur;sell;19,65018886;0,30999999;1535898836154;1535898955101;1;19,65018886;
1500081198491555;doge_rur;buy;19,65018886;0,30876123;1535898960311;1535899019201;1;19,65018886;
2500081198492210;doge_rur;sell;19,65018886;0,31309999;1535899004446;0;0;0,00000000;

2500081198492521;doge_rur;sell;19,61651742;0,30999998;1535899024412;1535899049187;1;19,61651742;
1500081198493562;doge_rur;buy;19,61651742;0,30592594;1535899089520;1535899119233;1;19,61651742;
2500081198493746;doge_rur;sell;19,61651742;0,31309998;1535899104451;0;0;0,00000000;

2500081198494033;doge_rur;sell;19,65018903;0,30999998;1535899127033;1535899213786;1;19,65018903;
1500081198498875;doge_rur;buy;19,65018903;0,30865136;1535899514343;1535899569099;1;19,65018903;
2500081198499719;doge_rur;sell;19,65018903;0,31388022;1535899554309;0;0;0,00000000;

2500081198503165;doge_rur;sell;19,68947017;0,30852231;1535899774450;1535899879937;1;19,68947017;
1500081198504882;doge_rur;buy;19,69138079;0,30315058;1535899885461;1535899934996;1;0,00000000;
2500081198505407;doge_rur;sell;19,68947017;0,31331974;1535899925455;1535899970291;1;19,68947017;
2500081198507202;doge_rur;sell;19,68947017;0,31775000;1535900037689;1535900093778;1;19,68947017;
2500081198510096;doge_rur;sell;19,68947017;0,32654191;1535900202765;1535900297651;1;19,68947017;
1500081198511961;doge_rur;buy;78,75788068;0,31053971;1535900314059;0;0;0,00000000

2500081198514379;doge_rur;sell;19,01405037;0,32801134;1535900458597;1535900530472;1;19,01405037;
1500081198515723;doge_rur;buy;19,01405037;0,32670061;1535900535710;1535900726102;1;19,01405037;
2500081198518442;doge_rur;sell;19,01405037;0,33395998;1535900680925;0;0;0,00000000;

2500081198520591;doge_rur;sell;18,51827655;0,34119999;1535900785958;1535900825967;1;18,51827655;
1500081198521463;doge_rur;buy;18,51827655;0,33983655;1535900831005;1535900936011;1;18,51827655;
2500081198523347;doge_rur;sell;18,51827655;0,34499999;1535900921250;0;0;0,00000000;

2500081198524602;doge_rur;sell;18,55010112;0,31388029;1535900992442;1535901021085;1;18,55010112;
2500081198527029;doge_rur;sell;18,55010112;0,33073949;1535901121330;1535901161131;1;18,55010112;
1500081198527934;doge_rur;buy;37,10020224;0,32102194;1535901177638;0;0;0,00000000

2500081198531494;doge_rur;sell;18,73757035;0,33469999;1535901391545;1535901431353;1;18,73757035;
1500081198532268;doge_rur;buy;18,73757035;0,33336253;1535901436570;1535901526473;1;18,73757035;
2500081198533682;doge_rur;sell;18,73757035;0,33999999;1535901511952;0;0;0,00000000;

2500081198534042;doge_rur;sell;18,58658301;0,33999999;1535901531743;1535901576469;1;18,58658301;
1500081198534958;doge_rur;buy;18,58658301;0,33864135;1535901581710;1535901641468;1;18,58658301;
2500081198535753;doge_rur;sell;18,58658301;0,34339999;1535901626708;0;0;0,00000000;

2500081198536101;doge_rur;sell;18,55682208;0,33999996;1535901646709;1535901691805;1;18,55682208;
1500081198536997;doge_rur;buy;18,55682208;0,33864132;1535901697191;1535901766575;2;11,41219223;
1500081198538380;doge_rur;buy;7,14462985;0,33323399;1535901771805;1535901916624;1;7,14462985;
2500081198540608;doge_rur;sell;18,55682208;0,34385515;1535901901885;0;0;0,00000000;

2500081198540990;doge_rur;sell;18,53077670;0,34196999;1535901922177;1535902031686;1;18,53077670;
1500081198543186;doge_rur;buy;18,53077670;0,34060348;1535902037491;1535902101295;1;18,53077670;
2500081198544196;doge_rur;sell;18,53077670;0,34774999;1535902086443;0;0;0,00000000;

2500081198544618;doge_rur;sell;18,46248926;0,34774999;1535902106699;1535902146247;1;18,46248926;
1500081198545543;doge_rur;buy;18,46248926;0,34636038;1535902151497;1535902206287;1;18,46248926;
2500081198546422;doge_rur;sell;18,46248926;0,35122749;1535902191574;0;0;0,00000000;

2500081198546794;doge_rur;sell;18,27071112;0,34999992;1535902211481;1535902281286;1;18,27071112;
1500081198548161;doge_rur;buy;18,27071112;0,34860132;1535902286526;1535902341332;1;18,27071112;
2500081198548973;doge_rur;sell;18,27071112;0,35349992;1535902326543;0;0;0,00000000;

2500081198551115;doge_rur;sell;18,28626331;0,34478068;1535902436632;1535902494196;1;18,28626331;
1500081198553719;doge_rur;buy;18,28626331;0,34249743;1535902574553;1535902799485;1;18,28626331;
2500081198557755;doge_rur;sell;18,28626331;0,34822849;1535902784798;0;0;0,00000000;

2500081198558153;doge_rur;sell;18,45942448;0,34477993;1535902804715;1535902866593;1;18,45942448;
2500081198560785;doge_rur;sell;18,45942448;0,34891735;1535902954021;1535903026629;1;18,45942448;
1500081198561041;doge_rur;buy;18,45942448;0,34288174;1535902966840;1535903031633;1;18,45942448;
1500081198562288;doge_rur;buy;18,45942448;0,34804490;1535903036872;1535903118703;1;18,45942448;
2500081198563535;doge_rur;sell;18,45942448;0,35240652;1535903103958;0;0;0,00000000;

2500081198564920;doge_rur;sell;18,37692410;0,34602433;1535903179205;1535903213783;1;18,37692410;
1500081198565620;doge_rur;buy;18,37692410;0,34464162;1535903218981;1535903313840;1;18,37692410;
2500081198566366;doge_rur;sell;18,37692410;0,34948457;1535903264016;0;0;0,00000000;

2500081198568231;doge_rur;sell;18,52240477;0,34181371;1535903379454;1535903424170;1;18,52240477;
1500081198569021;doge_rur;buy;18,52240477;0,34044782;1535903429732;1535903504219;1;18,52240477;
2500081198569960;doge_rur;sell;18,52240477;0,34523185;1535903488607;0;0;0,00000000;

2500081198577996;doge_rur;sell;18,67414709;0,32889999;1535903996924;1535904041708;1;18,67414709;
2500081198579333;doge_rur;sell;18,67414709;0,33218899;1535904092297;1535904212007;1;18,67414709;
1500081198581303;doge_rur;buy;37,34829418;0,32501312;1535904227281;1535904297013;1;18,52478557;
2500081198583740;doge_rur;sell;18,67414709;0,33826461;1535904387743;1535904444316;1;18,67414709;

